base_id,url
/m/0bwgqd,
/m/0bwgxr,
/m/0bwhs4,
/m/0bwj05,
/m/0bwj3_,
/m/0bwjhl,
/m/0bwm91,
/m/0bwy9k,
/m/0bwyc8,
/m/0bwydb,
/m/0bwyfc,
/m/0bwyj4,
/m/0bx06v,
/m/0bx0s8,
/m/0bx1l0,
/m/0bxbk1,
/m/0bxs3s,
/m/0bxx54,
/m/0by82t,
/m/0by8jc,https://encrypted-tbn1.gstatic.com/images?q=tbn:ANd9GcSTbUK3dNM-naW8IHC-icU4tp54AKBN8ybDttQr3RLnvt5P4e0Y
/m/0bydl7,
/m/0byls6,
/m/0byrp4,
/m/0bysq3,
/m/0bz0_t,
/m/0bz1nd,
/m/0bz5p7,
/m/0bzfql,
/m/0bzfsb,
/m/0bzp3m,
/m/0bzpqc,
/m/0bzs24,
/m/0bztzh,
/m/0b_4bk,
/m/0b_4v6,
/m/0b_m4d,
/m/0b_n9k,
/m/0b_qsh,
/m/0b_zrg,
/m/0b_zs4,
/m/0b_z_t,
/m/0b__1l,
/m/0b__j9,
/m/0c03_d,
/m/0c05kz,
/m/0c0634,
/m/0c0fyz,https://encrypted-tbn3.gstatic.com/images?q=tbn:ANd9GcTvED13L6IJ-dVT8gNzkZqhXRA-09z_GwhaR4cyosfTAwl5DX6g
/m/0c0rw0,https://encrypted-tbn3.gstatic.com/images?q=tbn:ANd9GcTwUAB68HXQkUDgZ5tjTChxYX_74dxJaaqyYs6t4yBq2Ww0Ynqb
/m/0c0tr9,
/m/0c0wyw,
/m/0c0y82,
/m/0c10yg,
/m/0c1c0j,
/m/0c1c82,
/m/0c1cgq,
/m/0c1c_g,
/m/0c1n77,
/m/0c1pn7,https://encrypted-tbn0.gstatic.com/images?q=tbn:ANd9GcQbmFrI8cdBV-ZVqPYT4lgotveTDLtNl0BzqWJlKWj-FrHzkbTO
/m/0c1sh2,
/m/0c24c4,
/m/0c24jc,
/m/0c24sn,
/m/0c2730,https://encrypted-tbn2.gstatic.com/images?q=tbn:ANd9GcQiB-aMeyDU1BQ-s3AGlnQrKhnoVbVhuBwCA31EMXLXrKHp0j_J
/m/0c2d6w,https://encrypted-tbn0.gstatic.com/images?q=tbn:ANd9GcShF2Iqc5EmlqzOmu4rsApvxhe5YWNObiVFGJHeMXaenAlZoeJf
/m/0c2k5h,
/m/0c2mfg,
/m/0c2ytm,https://encrypted-tbn1.gstatic.com/images?q=tbn:ANd9GcTMXjgpzyrRfVjHLXFBO68pjcIuNUMLtCFjCo8YXirLMhAnndW4
/m/0c34ct,https://encrypted-tbn2.gstatic.com/images?q=tbn:ANd9GcTggqtwWNgtg0EgMkvmJoJ_cn61oyXTi_T_yHJPMzae00QlTeep
/m/0c3ds_,
/m/0c3fct,
/m/0c3ffj,
/m/0c3k9r,
/m/0c3mqg,
/m/0c3my4,
/m/0c3nf0,
/m/0c3r2h,
/m/0c4487,https://encrypted-tbn2.gstatic.com/images?q=tbn:ANd9GcSqQJkXPw85ZdXBtsqT9N5eKcyP1elUJ4lJCUa08FRtvVpapHcG
/m/0c4d_b,https://encrypted-tbn0.gstatic.com/images?q=tbn:ANd9GcT7cnvsJvavzPtOzN6hEG_KR8v_DjfOwh22rfTkVCM-jH1nOezb
/m/0c4g5r,https://encrypted-tbn0.gstatic.com/images?q=tbn:ANd9GcRBXYFLgxMXP3GNNFkNWtTbNQs7GJrHlGwpcv4uxLvjwGRrUKlz
/m/0c4gjt,https://encrypted-tbn2.gstatic.com/images?q=tbn:ANd9GcRScHeYzcscXZJ4cR7FXHkGy45ujRrM01-7ve42cPvvTj9JbNOK
/m/0c4h2s,https://encrypted-tbn0.gstatic.com/images?q=tbn:ANd9GcR5RYkX1qmEFbsI5YwcNJifoK-Y4Z7EFIsHNvhYZxTm4Z4CZbKm
/m/0c4mtr,
/m/0c4mxj,
/m/0c4vnr,
/m/0c4wtd,https://encrypted-tbn2.gstatic.com/images?q=tbn:ANd9GcTar057uv42VuUnxPwJW1n0oYi8fI9pAbKfQjiEQxPjPOR8K7DK
/m/0c4x0q,https://encrypted-tbn0.gstatic.com/images?q=tbn:ANd9GcR45raPVlbFEphNjLgQJMHaZNRRoP3AXKdEt_ZxPIPaPvaXFfDL
/m/0c4xbl,https://encrypted-tbn2.gstatic.com/images?q=tbn:ANd9GcTCGh2H_o95fl2yEVTLo2AFQqME0KsoQGecZc-Xk333XCFHeDeE
/m/0c4_zc,https://encrypted-tbn3.gstatic.com/images?q=tbn:ANd9GcSNcZDcz1rIrkf78NST6GnNBnr6zfw7u-W5mnNUrGtonIGM-1fX
/m/0c526m,
/m/0c52nk,https://encrypted-tbn3.gstatic.com/images?q=tbn:ANd9GcQNMulqDuClL5dPhnlYvtpjG7t9EZNwRe0IU_kJYUf3Jqk2NMpA
/m/0c548g,
/m/0c55pw,
/m/0c589b,
/m/0c5g40,
/m/0c5jv0,
/m/0c5ps5,
/m/025t3cz,
/m/047gnzf,
/m/0c62_4,
/m/0c63m2,
/m/0c679l,
/m/0c69rv,
/m/0c6lhd,
/m/02p8939,
/m/0c6t0j,
/m/0c6t9v,
/m/0c6vlx,
/m/0c6w3q,https://encrypted-tbn1.gstatic.com/images?q=tbn:ANd9GcQcFyBQCqJHS5C4UWC1jPcB2fh0tkGGxEv2kZekLJDYrkWXlpMW
/m/0c6w5f,https://encrypted-tbn0.gstatic.com/images?q=tbn:ANd9GcRLU6spSrsd4SAdOZhibLQKF1WLy31S_UUdZYVgiCTXcTwKG1Ev
/m/0c74gk,
/m/0c74hy,https://encrypted-tbn2.gstatic.com/images?q=tbn:ANd9GcSw-bqs47xYAv3BbgHRrXil3lrBHHgkU6tjI5hdHBEr3kcxSQ5h
/m/0c74z6,
/m/0c7dfc,
/m/0c7dxf,
/m/0c7gwp,
/m/0c7j6c,
/m/0c7k6x,
/m/0c7n1j,https://encrypted-tbn0.gstatic.com/images?q=tbn:ANd9GcR5hBGYbVEkKbAEs4lOD_HIuoiR1047Z1gcl-2JtE6xAhzbRPhY
/m/0c7n5s,
/m/0c7qz_,
/m/0c7xq2,
/m/0c7ypj,
/m/0c7yr7,
/m/0c7yvn,
/m/0c7z1w,
/m/0c7z8d,
/m/0c7zkd,
/m/0c7zwj,
/m/0c82p6,
/m/0c87d3,
/m/0c87sz,
/m/0c888w,
/m/0c8b5h,
/m/0c8hkn,https://encrypted-tbn2.gstatic.com/images?q=tbn:ANd9GcSS3hKLfMpZPWm_uVk_HCjLXZ5KVnqlKRZrq9Jm5xjOlM2IsH9W
/m/0c8mgb,
/m/0c8pq0,
/m/0c8t5d,
/m/0c8yvk,
/m/0c8z3p,
/m/0c9cnb,
/m/0c9jwq,
/m/0c9knc,
/m/0c9pcq,
/m/0c9q8w,
/m/0c9qp3,
/m/0c9tbc,
/m/0c9t_v,
/m/0c9vfw,
/m/0c9wf4,
/m/0cb0bw,
/m/0cb2nr,
/m/0cb3rd,
/m/0cb41s,
/m/0cb4b0,
/m/0cb9hc,
/m/0cbqzs,
/m/0cbr5d,
/m/0cbr6f,
/m/0cbrf1,
/m/0cbswx,
/m/0cbw9g,
/m/0cbwbh,
/m/0cbwsn,
/m/0cc2r9,
/m/0cc615,
/m/0ccc6g,https://encrypted-tbn1.gstatic.com/images?q=tbn:ANd9GcT3n9ZuhRNiKYkHVZIbBJQ3ZzoJ2MBgQcVzqueugaoCL4TveKu6
/m/0ccctj,https://encrypted-tbn1.gstatic.com/images?q=tbn:ANd9GcTN7_w3e2lltoQgWjxVV-1wpzF67tJH5832uvxq1Y3mk8aKfiXL
/m/0ccd6b,https://encrypted-tbn2.gstatic.com/images?q=tbn:ANd9GcT_V9n6aaQSVqRjY04JfRPUckSJudEunvrzrOAy6hPgF82Dq-3_
/m/0ccd6p,
/m/0ccd8s,
/m/0ccdwr,
/m/0cchrp,
/m/0cckxl,
/m/0ccqjg,
/m/0ccw3w,
/m/0ccw7n,
/m/0ccwb3,
/m/0cd45j,
/m/0cd5zt,
/m/0cd8c0,
/m/0cdbmd,
/m/0cdjc2,
/m/0cdm94,
/m/0cdmmj,
/m/0cdqh4,
/m/0cdzwf,
/m/0cf22c,
/m/0cf3k7,
/m/0cf6r7,
/m/0cfcjv,https://encrypted-tbn1.gstatic.com/images?q=tbn:ANd9GcQ2XFUUsMQMJAIyFktwqIYGDF0bxhsV-KshN-9cpSrMuy2P99bo
/m/0cffqp,
/m/0cfh0f,
/m/0cfhsm,
/m/0cfmph,
/m/0cfp1r,
/m/0cfp5w,
/m/0cfrnd,
/m/0cftxf,
/m/0cfxzf,
/m/0cf_b1,
/m/0cg51_,
/m/0cg530,
/m/0cgfsp,
/m/0cgkd_,https://encrypted-tbn3.gstatic.com/images?q=tbn:ANd9GcSHZYDviieN0q2F3d5W2_5avu1LQQQJRV6YaHBKaq-apzr6qxbm
/m/0cgn4d,
/m/0cgs_h,
/m/0cgt5c,
/m/0cgwm_,
/m/0ch770,
/m/0chmhj,
/m/0chx3n,
/m/0cj6vm,
/m/0cjby4,
/m/0cjp_6,
/m/0ck2fv,
/m/0ck53p,
/m/0ck8zr,
/m/0ckj1h,
/m/0cklfs,
/m/0cknhz,
/m/0cknkq,
/m/0ckr95,
/m/0ckrxc,
/m/0cl0tr,https://encrypted-tbn0.gstatic.com/images?q=tbn:ANd9GcQrMP4UxnQ1SaX2f5_KfUG4eWJJhQ7N56YNW8cYnWa72ui1w93D
/m/0cl1ph,
/m/0cl2lt,
/m/0cl4x7,https://encrypted-tbn2.gstatic.com/images?q=tbn:ANd9GcRJ7mgqSjyju7h1snmUgfN32gZ97rK0Kc_fMcsG4nFrD-RQele1
/m/0cl4xl,
/m/0cl56s,https://encrypted-tbn0.gstatic.com/images?q=tbn:ANd9GcSS9GrmkB8-c-d3LCoCPeR2sWb9p48m41yysJxbpNwJ2CPs1cbg
/m/0cl9yr,
/m/0clnmj,
/m/0clxxp,https://encrypted-tbn1.gstatic.com/images?q=tbn:ANd9GcS12Q7kTkwSfBD7RzfFypYJBIjtoQhq0__VAKqDQjeJyZDCKTlI
/m/0cl_b8,
/m/0cl_pz,
/m/0cm327,
/m/0cm43p,
/m/0cmbs8,
/m/0cmclj,https://encrypted-tbn2.gstatic.com/images?q=tbn:ANd9GcQJOuPuhBeUoJlooymIpkGz1Sj5eNxsOk1Hpq2T1zYLBJpVzmGT
/m/0cmg_w,
/m/0cmm8r,https://encrypted-tbn1.gstatic.com/images?q=tbn:ANd9GcTRw6oB7x_ggm_7oiFoP3aoIOQuyyWNWMAczMC-dNdTZ-woNjfp
/m/0cmt6c,
/m/02wvc45,
/m/0cmy36,
/m/0cn491,
/m/0cn5p4,
/m/0cn65r,
/m/0cn97v,
/m/0cnhlb,
/m/0cnk36,
/m/0cnlv8,
/m/0cnrnw,
/m/0cnty1,
/m/0cp1mz,
/m/0cp1q1,
/m/0cp2dy,https://encrypted-tbn0.gstatic.com/images?q=tbn:ANd9GcRCt15pABJdJFz80veUplm3wjBcUxElmEthMvRMzN1lkyIQDelR
/m/0cp460,https://encrypted-tbn2.gstatic.com/images?q=tbn:ANd9GcRQC88jD9zjmxvJ60vdPUXaBWHED1p1dVOuHXToQYud9oOjT4TQ
/m/0cp522,
/m/0cp8hx,
/m/0cphp1,
/m/0cphx_,
/m/0cph_1,
/m/0cpjg5,
/m/0cpr8g,https://encrypted-tbn0.gstatic.com/images?q=tbn:ANd9GcTGNZ7-fk0_hyEZuWPCDJzBERojR_trAoREhrRcX_jLryRZJXB2
/m/0cpx6d,
/m/0cp_ng,
/m/0cq3tl,
/m/0cqbl_,
/m/0cqbp2,
/m/0cqfvw,
/m/0cqkty,
/m/0cql6r,
/m/0cqn3k,
/m/0cqnsf,https://encrypted-tbn3.gstatic.com/images?q=tbn:ANd9GcScsFmSvTl3HvMyWwat8gHswTS5OEKdhKFJ0r3-_iyiSIt8ft1O
/m/0cqnx6,
/m/0cqsxs,
/m/0cr3n5,
/m/0cr61k,
/m/0crbfb,
/m/0crdwd,
/m/0crjnv,
/m/0crs37,
/m/0crvqt,
/m/0cr_gn,
/m/0cs0cg,
/m/0csg8z,
/m/0csg9n,
/m/0csjs0,https://encrypted-tbn1.gstatic.com/images?q=tbn:ANd9GcSkuel3OZwqXeXL_fkH-LzC0GeWaWv8Oujk6gUyGcB5OJkfjANL
/m/0cslf5,
/m/0cslg6,
/m/0csljm,
/m/0cslk_,
/m/0csllp,
/m/0cslm0,
/m/0cslmq,
/m/0cslnr,
/m/0cslvz,
/m/0csn4f,
/m/0csnj6,
/m/0cstnz,
/m/0csx0y,
/m/0ct2sp,
/m/0ctf0b,
/m/0ctf44,
/m/0ctfdf,
/m/0ctfgh,
/m/0ctfh5,
/m/0ctfkp,
/m/0ctfpy,
/m/0ctfz7,
/m/0ctg22,
/m/0ctg56,
/m/0ctghq,
/m/0cthnq,
/m/0cthrg,
/m/0cthvn,
/m/0ctj4c,
/m/0ctnzc,
/m/0ctp37,
/m/0ctp6b,
/m/0ctp7r,
/m/0ctpc5,
/m/0ctsf5,
/m/0ctsfw,
/m/0ctsmc,
/m/0ctsnd,
/m/0ctspg,
/m/0ctspt,
/m/0ctsx4,
/m/0ctszn,
/m/0ctt11,
/m/0ctt60,
/m/0cv0g1,
/m/0cv1bm,
/m/0cv2y4,
/m/0cv3vg,
/m/0cv4ql,
/m/0cv4_z,
/m/0cv698,
/m/0cvcyr,
/m/0cvd04,
/m/0cvd15,
/m/0cvd1w,
/m/0cvd2k,
/m/0cvd9t,
/m/0cvdb4,
/m/0cvdfz,
/m/0cvh48,
/m/0cvmc7,
/m/0cvpmj,https://encrypted-tbn3.gstatic.com/images?q=tbn:ANd9GcTDWC8mShwjefsKvlrMbIy7zA-rmbAv5D9Gzo0IjAjxHUjETcuV
/m/0cvrvj,
/m/0cvs00,
/m/0cvt9t,
/m/0cvvk7,
/m/0cvvry,
/m/0cw163,https://encrypted-tbn0.gstatic.com/images?q=tbn:ANd9GcTylgjeBnM6NxjW7C1Z6u9r_eH_Bo9cEqZxqQ8wfkaDOvN4T1K9
/m/0cw19_,
/m/0cw1qv,
/m/0cw2nv,
/m/0cw5br,
/m/0cwbz2,https://encrypted-tbn1.gstatic.com/images?q=tbn:ANd9GcT8AN_-ziCtcLvfmFsB4ljPEDyfMVMHYcw4WKSgx4EnXVx7feaE
/m/0cwctr,https://encrypted-tbn1.gstatic.com/images?q=tbn:ANd9GcRsToVyQSBChsrOKq2eiDF-LtU8LJsu7WmW0UiGftX4KLMYQqAG
/m/0cwdgq,
/m/0cwdwc,
/m/0cwh2h,
/m/0cwpqx,
/m/0cwrpx,
/m/0cwxcg,
/m/0cwxz_,
/m/0cw_n0,
/m/0cw_pf,
/m/0cx5hc,
/m/0cxh14,
/m/0cxntx,
/m/0cxz7_,
/m/0cxz8p,
/m/0cxz_j,
/m/0cy19d,
/m/0cy32p,
/m/0cygn_,
/m/0cyh5k,
/m/0cyhbc,
/m/0cyhdv,
/m/0cyhn8,
/m/0cyhtf,
/m/0cyhzc,
/m/0cyj0h,
/m/0cyj59,
/m/0cyjcz,
/m/0cyjfp,
/m/0cyjz9,
/m/0cyw58,
/m/0cyz7k,
/m/02vkgbm,
/m/0cz240,
/m/0cz3yb,https://encrypted-tbn2.gstatic.com/images?q=tbn:ANd9GcQaRpDRmev6swwj5FfsoW_zIu9dMHiFDM-KROYkvhrKl5fAVFCZ
/m/0cz6_3,
/m/0czcqv,
/m/0czf1c,
/m/0czhf_,
/m/0czss8,
/m/0c_04h,
/m/0c_5dl,
/m/0c_622,
/m/0c_b9c,
/m/0c_bbd,
/m/0c_bbr,
/m/0c_by7,
/m/0c_c12,
/m/0c_c60,
/m/0c_f1y,
/m/0c_gxg,
/m/0c_jg8,
/m/0c_kb9,
/m/0c_kdc,
/m/0c_kg2,
/m/0c_kht,
/m/0c_krd,
/m/0c_pkg,
/m/0d00gs,
/m/0d03bk,
/m/0d06sl,
/m/0d07zb,
/m/0d08hg,
/m/0d093f,
/m/0d0jr7,
/m/0d0jwc,
/m/0d0lvh,
/m/0d0y2z,
/m/0d0z7r,
/m/0d0zwz,https://encrypted-tbn1.gstatic.com/images?q=tbn:ANd9GcTWldSnCPb4VIy4KhPZExh_s-0pfZVGAweLXefDVRDVU4L_ight
/m/0d1055,
/m/0d124_,
/m/0d12d8,
/m/0d12v6,
/m/0d13cz,
/m/0d13hf,
/m/0d13n7,
/m/0d19b6,
/m/0d1ct4,
/m/0d1ktl,
/m/0d1qdq,
/m/0d1sbq,
/m/0d1sts,
/m/0d1x90,
/m/0d1ylc,
/m/0d266q,
/m/0d26w3,https://encrypted-tbn0.gstatic.com/images?q=tbn:ANd9GcS16dbuj8ft3U4Xr7RTlGsn6EFHPvcKhjKBR_hTqE7RUVzavUiv
/m/0d271n,https://encrypted-tbn0.gstatic.com/images?q=tbn:ANd9GcQm9iNcDVQVju8kbq0wyK5tr2J4YIZcQNtfXdPwbrv0lAy0YD_y
/m/0d282t,
/m/0d293g,
/m/0d29k2,
/m/0d2bll,
/m/0d2c1m,
/m/0d2ccg,
/m/0d2cn4,
/m/0d2cz0,
/m/0d2d36,
/m/0d2dl3,
/m/0d2jq2,
/m/0d2t1n,
/m/0d2t5h,
/m/0d2tj8,
/m/0d2t_x,
/m/0d2x86,
/m/0d2xs7,
/m/0d2yf9,
/m/0d2yxl,
/m/0d2z1s,
/m/0d2znm,
/m/0d2_r7,
/m/0d31dk,
/m/0d34r3,
/m/0d3g5g,
/m/0d3gb9,
/m/0d3h1z,
/m/0d3hwm,
/m/0d3lzj,
/m/0d3nry,
/m/0d3ns8,
/m/0d3q20,https://encrypted-tbn3.gstatic.com/images?q=tbn:ANd9GcTzwkATfxZgU8ptsk2kNDB8Yft3G2HLMM_d9sYomo09_9OQV265
/m/0d4206,
/m/0d485p,
/m/0d4cmw,
/m/0d4gkp,
/m/0d4mbv,
/m/0d4mdk,
/m/0d4mdx,
/m/0d4npx,
/m/0d4rgz,
/m/0d4rk1,
/m/0d4t0m,
/m/0d57k8,
/m/0d5b6g,
/m/0d5bb9,
/m/0d5d68,
/m/0d5lhm,
/m/0d5m3f,
/m/0d5q3p,
/m/0d5r50,
/m/02p8_3d,
